{
  "cv_folds": 5,
  "training_rows": 1283,
  "best_model": "Ridge",
  "metrics": {
    "LinearRegression": {
      "rmse": 23408.907143933764,
      "mae": 15805.670169009434,
      "mape_pct": 9.114739281477508,
      "r2": 0.9139577543883722
    },
    "Ridge": {
      "rmse": 23195.11583861984,
      "mae": 15573.277444358882,
      "mape_pct": 8.988958100297035,
      "r2": 0.9155222087748422
    },
    "Lasso": {
      "rmse": 23324.02458613369,
      "mae": 15670.34479176687,
      "mape_pct": 9.043307535352694,
      "r2": 0.9145806151081322
    },
    "RandomForest": {
      "rmse": 29509.40054474511,
      "mae": 18468.866962496995,
      "mape_pct": 10.426304356593933,
      "r2": 0.8632679789281563
    },
    "LightGBM": {
      "rmse": 27441.09759022174,
      "mae": 17333.551088271146,
      "mape_pct": 9.77821496217974,
      "r2": 0.8817632686215309
    }
  }
}